id/int	title/string	weight/int	attackType/string	outsidePower/int	insidePower/int	skillType/string	skillCost/string	skillName/string	skillMana/string	skillText/string		
1	魔術帽	1	防具-頭	1	2	氣場	1	魔力壓縮	無	這張卡在場時，自己使用內功系列招式時，那個招式可以氣力-2打出。效果一回合一次。		
2	魔術帽	1	防具-頭	1	2	反應	2	魔力吸收	無	被內功傷害時宣告. 內功傷害-5. 回復2氣.		
3	魔術帽	1	防具-頭	1	2	反應	2	魔力反彈	無	被內功傷害時宣告. 內功傷害-5. 對方-2血.		
4	魔杖	3	打擊-棍	5	5	遠招	全2	烈炎術	火-燒傷7	內功+6。狀態判定+1次.		
5	魔杖	3	打擊-棍	5	5	遠招	全2	激流術	水-冰凍5	內功+6。狀態判定+1次.		
6	魔杖	3	打擊-棍	5	5	氣場	3	護盾術	無	自己受到傷害時的反應步可以1氣。取消這次的傷害x點。x為自己所有裝備武器中的最高內功值。如果沒有裝備武器則x為2。		
7	魔石	1	防具-飾	0	4	氣場	2	中毒術	毒-中毒8	自己招式階段可以支付這張卡上的1氣，造成内力2的遠招。		
8	魔石	1	防具-飾	0	4	氣場	2	治療術	無	自己配置階段可以支付這張卡上的1氣，回復2點血量。		
9	魔石	1	防具-飾	0	4	氣場	2	火球術	火-燒傷7	自己招式階段可以支付這張卡上的1氣，造成内力2的遠招。		
10	鐵梭子	1	刺擊-匕	2	2	遠招	一0/1/2	飛射	斬-出血7	外功+0/2/4。		
11	鐵梭子	1	刺擊-匕	2	2	反應	2	暗算	無	回合結束時取消自己一個重量2以下的武器的脫手狀態，那個時候，使敵方氣-2. 		
12	鐵指環	1	防具-飾	0	4	氣場	拳0	穿戴	無	自軍一個拳套武器判定時外功+1。這個效果不能指向已經有這個效果的武器。		
13	鐮刀	3	斬擊-刀	7	3	氣功	1	消音	無	這個回合的下一次交戰判定時對抗值+4.		
14	鐮刀	3	斬擊-刀	7	3	近招	斬0/1/2	死神索命斬	斬-出血7	外功+0/2/4. 這回合中憑依武器的對抗值有加減的情況下，不能對這招宣告反應。		
15	騎士頭盔	1	防具-頭	1	2	氣功	2	保護頭部	無	移除自己身上的一個狀態指示物。效果生效時，回4氣。		
16	騎士腳甲	1	防具-褲	1	2	反應	2	腿板甲	無	傷害-3.回復1行動力。		
17	騎士胸甲	1	防具-衣	2	0	氣場	2	強防禦	無	自己武器在判定時對抗值+4，直到變招為止。自回合結束時1氣。		
18	雙頭鋼棍	3	打擊-棍	7	3	氣場	2	雙頭連擊	無	接招步可以1氣。使出外功4的招式。		
19	雙頭鋼棍	3	打擊-棍	7	3	氣場	2	爆裂棍擊	打-昏眩5	對方受傷時可以1氣。對方-3血。		
20	雙頭鋼棍	3	打擊-棍	7	3	近招	打腿0/1/2	猛力揮擊	打-昏眩5	外功+0/2/4		
21	雙頭鋼棍	3	打擊-棍	7	3	近招	打0/1/2	重力棍擊	打-昏眩5	外功+0/2/4		
22	雙頭鋼棍	3	打擊-棍	7	3	防招	打腿0/1/2	震地擊	地-石化5	外功+4/6/8。這張卡成功打贏交戰時，對方行動力-1.		
23	戰士靴	1	格鬥-腿	3	1	氣場	2	戰士架勢	無	自己回合可以有1點免費體力用來重置武器。		
24	戰士靴	1	格鬥-腿	3	1	近招	腿0	膝破壞	無	外功+0.打人生效時，破壞指定腿或者褲裝備。		
25	戰士靴	1	格鬥-腿	3	1	反應	2	提膝防禦	無	這次的外功傷害-4.回復1行動力。		
26	練甲	1	防具-衣	2	0	氣場	3	俠客行	無	出擊時1氣，指定一把自己包含重量3以下的武器，跟他一起出擊的武器當成聯合出擊。		
27	練甲	1	防具-衣	2	0	氣場	3	迅如雷	雷-麻痺5	使用回避動作消耗-1。		
28	練甲	1	防具-衣	2	0	氣場	3	清净歸一	無	這張卡在場時，所有自己的傷害在結算時少1。自己的所有反應卡的内文多了【效果結算後，如果血沒有減少，對方玩家-1行動力】。		
29	練甲	1	防具-衣	2	0	氣功	2	徐如風	無	自配置步使用。回復1行動力。2血。		
30	練甲	1	防具-衣	2	0	氣功	1	周天運轉	無	移除自己身上的一個非元素狀態指示物。效果生效時，可以抽二張卡。		
31	練甲	1	防具-衣	2	0	防招	全0	侵略如火	無	外功+4。這個交戰下一次自己的非防守招式少2氣支付。		
32	練甲	1	防具-衣	2	0	反應	3	不動如山	無	本次傷害-6。免疫本次的狀態攻擊。如果傷害減少至0，攻擊方不能繼續連招。		
33	製木書	1	防具-飾	0	4	氣場	2	木工考	無	回合結束可以1氣。修理合計重量為2的至多兩個武器。		
34	製木書	1	防具-飾	0	4	氣場	1	舟車樞要	無	回合結束可以1氣。修理合計重量為4的至多兩個武器。		
35	腿甲	1	防具-褲	1	2	反應	2	受身	無	這次的外功傷害-4.幾率6回復2行動力。沒有行動力可以回復時則回血。		
36	腿甲	1	防具-褲	1	2	反應	2	護腿	無	外功傷害-4。移除這次交戰得到的負面狀態。		
37	腿甲	1	防具-褲	1	2	反應	2	側步	無	傷害-3.幾率6回復2行動力。		
38	腿甲	1	防具-褲	1	2	反應	2	側閃進步	無	傷害-3.下一個判定對抗值+4.		
39	腐蟲砂	1	防具-飾	0	4	遠招	格0/1/2	滅蠱咒	毒-中毒8	內功+2/4/6。如果自己身上有狀態指示物。前項數值額外+2。		
40	腐蟲砂	1	防具-飾	0	4	氣場	2	蠱降	無	自配置時可以1氣。指定玩家機率8中毒。		
41	腐蟲砂	1	防具-飾	0	4	氣場	2	迷蟲香	無	自己回合結束時，指定一個有氣玩家-1氣(從非氣場開始)。		
42	腐蟲砂	1	防具-飾	0	4	氣功	0	引毒術	無	重置並移動自己身上的元素狀態指示物給指定玩家。使用時，如果自己身上沒有狀態指示物，自己中毒。		
43	鉄劍	2	刺擊-劍	5	2	近招	格格刺2	湛沪劍法	刺-點打3	外功+4。交戰勝利時。指定一個玩家機率5丟棄一張手牌。這個效果執行兩次。		
44	鉄劍	2	刺擊-劍	5	2	近招	格格刺0/1/2	工布獨一劍	刺-點打3	外功+0/2/4。打人生效時，如果對方沒有防具，狀態機率+1.		
45	鉄劍	2	刺擊-劍	5	2	近招	格刺0/1/2	聚力刺劍	刺-點打3	外功+0/2/4		
46	鉄劍	2	刺擊-劍	5	2	近招	格刺0/1/2	劈劍	刺-點打3	外功+0/1/3。宣告時機率5外功+2. 		
47	鉄劍	2	刺擊-劍	5	2	近招	格刺0/1/2	來去劍法	刺-點打3	外功+0/2/4。宣告時機率5規則内自己行動+1.否則-1.		
48	鉄劍	2	刺擊-劍	5	2	近招	刺0/1/2	刺劍	刺-點打3	外功+0/2/4		
49	鉄劍	2	刺擊-劍	5	2	防招	格刺0/1/2	圈劍	無	外功+4/6/8.		
50	鉄劍	2	刺擊-劍	5	2	防招	刺0/1/2	挑劍	無	外功+4/6/8.		
51	道服	1	防具-衣	2	0	遠招	格0/1/2	投石	刺-點打3	外功+0/2/4		
52	道服	1	防具-衣	2	0	氣場	2	防禦	無	這個氣場在場時，自己不能出擊。自己回合結束時支付1氣。不必支付行動力就可以使用閃避。		
53	道服	1	防具-衣	2	0	氣場	0	蓄氣	無	自己回合開始時, 這張卡的氣在4張以下時, 爆氣到這張卡上. 有4張氣時才能使用這張卡的氣.		
54	道服	1	防具-衣	2	0	氣功	3	運氣	無	回復6氣.		
55	道服	1	防具-衣	2	0	氣功	1	蓄力	無	指定一個武器這回合外功+2. 這個效果可以重復。		
56	道服	1	防具-衣	2	0	氣功	1	急救	無	自己有暗闇/封印/中毒狀態時才能使用。移除一個暗闇/封印/中毒狀態狀態並抽2張。		
57	道服	1	防具-衣	2	0	氣功	1	取得氣力UP	無	下一次判定成功時。氣力+3並抽1張。		
58	道服	1	防具-衣	2	0	近招	1	衝擊	打-昏眩5	打人判定時並自己有穿防具時可以使用。判定成功時，機率x對方一個武器脫手。x為自己防具外功值的總合的2倍。		
59	道服	1	防具-衣	2	0	反應	1	衝擊反擊	無	自己有穿防具時可以使用。機率x對方一個武器脫手。x為自己防具外功值的總合的2倍。		
60	道具	1	防具-飾	0	4	氣場	4	聖靈藥	無	廢棄這張卡，那個時候回6血, 回2氣。剛出場回合不能使用。這個氣場可以重復。這張卡可以從手牌廢棄並抽1張.	x	x
61	道具	1	防具-飾	0	4	氣場	3	超級回復藥	無	廢棄這張卡，那個時候回6血。剛出場回合不能使用。這個氣場可以重復。這張卡可以從手牌廢棄並抽1張.	x	x
62	道具	1	防具-飾	0	4	氣場	3	萬能藥	無	自己有狀態時才能使用。廢棄這張卡，移除一個狀態並抽1張。剛出場的回合不能使用, 出場時抽1張。這個氣場可以重復。這張卡可以從手牌廢棄並抽1張.		
63	道具	1	防具-飾	0	4	氣場	2	高級回復藥	無	廢棄這張卡，那個時候回4血。剛出場回合不能使用。這個氣場可以重復。這張卡可以從手牌廢棄並抽1張.	x	x
64	道具	1	防具-飾	0	4	氣場	2	高級以太	無	廢棄這張卡，那個時候回4氣。剛出場回合不能使用。這個氣場可以重復。這張卡可以從手牌廢棄並抽1張.	x	x
65	道具	1	防具-飾	0	4	氣場	2	力量瓶	無	廢棄這張卡, 指定1個武器這回合外功+2。剛出場回合不能使用。這個氣場可以重復。這張卡可以從手牌廢棄並抽1張.		
66	道具	1	防具-飾	0	4	氣場	2	速度瓶	無	廢棄這張卡, 回復2行動力。剛出場回合不能使用。這個氣場可以重復。這張卡可以從手牌廢棄並抽1張.		
67	道具	1	防具-飾	0	4	氣場	1	回復藥	無	廢棄這張卡，那個時候回2血。剛出場回合不能使用。這個氣場可以重復。這張卡可以從手牌廢棄並抽1張.		x
68	道具	1	防具-飾	0	4	氣場	1	以太	無	廢棄這張卡，那個時候回2氣。剛出場回合不能使用。這個氣場可以重復。這張卡可以從手牌廢棄並抽1張.		x
69	道具	1	防具-飾	0	4	氣場	1	消毒藥	無	自己有中毒狀態時才能使用。廢棄這張卡，移除一個中毒狀態並抽1張。剛出場回合不能使用。這個氣場可以重復。這張卡可以從手牌廢棄並抽1張.		
70	道具	1	防具-飾	0	4	氣場	1	眼藥	無	自己有暗闇狀態時才能使用。廢棄這張卡，移除一個暗闇狀態並抽1張。剛出場回合不能使用。這個氣場可以重復。這張卡可以從手牌廢棄並抽1張.		
71	道具	1	防具-飾	0	4	氣場	1	回聲草	無	自己有封印狀態時才能使用。廢棄這張卡，移除一個封印狀態並抽1張。剛出場回合不能使用。這個氣場可以重復。這張卡可以從手牌廢棄並抽1張.		
72	道具	1	防具-飾	0	4	氣場	1	金之針	無	自己有石化狀態時才能使用。廢棄這張卡，移除一個石化狀態並抽1張。剛出場回合不能使用。這個氣場可以重復。這張卡可以從手牌廢棄並抽1張.		
73	道具	1	防具-飾	0	4	氣場	2	不死鳥之尾	無	頻死時才能使用。回復3血。剛出場回合不能使用。這個氣場可以重復。這張卡可以從手牌廢棄並抽1張.		
74	獅相門道服	1	防具-衣	2	0	氣場	4	獅子奮迅	無	這張卡上的氣可以當作戰鬥行動力使用。		
75	獅相門道服	1	防具-衣	2	0	氣場	2	鉄鼎金身功	無	敵方交戰回合中，自己被打脫手的一個武器，在歸還時變爲橫置狀態。效果發動時1氣。		
76	獅相門道服	1	防具-衣	2	0	氣場	2	鉄橋功	無	敵方回合中，自己每一次受到的最大傷害為3（在減免所有效果之後）。自己回合結束時1氣。		
77	獅相門拳套	1	格鬥-拳	2	2	近招	拳0/1/2	推山掌	暗-暗闇6	外功+0/2/4.如果這張卡接著防守招式使用。這張卡的外功+2.		
78	黑風拳套	1	格鬥-拳	2	2	遠招	拳拳2	炎魔天爆地熱	火-燒傷7	內功+6。打人成功時。對方行動力-1. 氣-2.		
79	黑風拳套	1	格鬥-拳	2	2	氣場	3	紫霞諸滅	無	每個回合的第一次判定時外功+2.		
80	黑風拳套	1	格鬥-拳	2	2	近招	拳格0/1/2	九宮連環手	毒-中毒8	外功+0/2/4.		
81	黑風拳套	1	格鬥-拳	2	2	近招	拳0/1/2	闇擊掌	暗-暗闇6	外功+0/2/4.		
82	黑風拳套	1	格鬥-拳	2	2	防招	拳格0/1/2	防禦氣功	無	外功+4/6/8.		
83	黑風拳套	1	格鬥-拳	2	2	防招	拳格0	閃避	無	機率7對抗值最大. 		
84	黑風衣	1	防具-衣	2	0	防招	4	武器格擋	無	對方機率7落空。		
85	黑風衣	1	防具-衣	2	0	反應	2	快速反應	無	這次的傷害-3。使自己重置重量為對方出擊武器以下的武器		
86	華山道服	1	防具-衣	2	0	氣場	2	紫霞神功	無	自回合結束時1氣。判定時外功+1/內功+3.		
87	無限刃	3	斬擊-刀	7	3	氣場	1	炎靈	無	自軍打人判定時, 當成有火-燒傷7的攻擊, 若判定後造成狀態時. 這張卡移除. 這個氣場可以多張在場. 但每回合只能解決1次.		
88	無限刃	3	斬擊-刀	7	3	近招	斬格0	紅蓮腕	火-燒傷7	外功+4. 打人時並且對方有燒傷狀態時才能宣告. 移除對方一個燒傷狀態, 那個時候對方-5血.		
89	無限刃	3	斬擊-刀	7	3	近招	斬0/1/2	火產靈神	火-燒傷7	外功+0/2/4. 宣告時, 若對方有燒傷狀態時, 外功+2. 		
90	寒月	2	刺擊-劍	4	3	遠招	格刺0/1/2	重劍氣	無	內功+2/4/6。		
91	寒月	2	刺擊-劍	4	3	遠招	刺0/1/2	劍氣	無	內功+2/4/6。		
92	寒月	2	刺擊-劍	4	3	氣場	2	亂情瘴	無	自回合結束時1氣。敵方第一個內功招交戰判定內功-6。		
93	寒月	2	刺擊-劍	4	3	近招	格刺0/1/2	勾鎌劍法	刺-點打3	外功+0/1/3。自己有氣場在場時。前項數值變為1/3/5。		
94	寒月	2	刺擊-劍	4	3	近招	格刺0/1/2	兩段刺	刺-點打3	外功+0/2/4。		
95	寒月	2	刺擊-劍	4	3	近招	刺0/1/2	前刺	刺-點打3	外功+0/2/4。		
96	寒月	2	刺擊-劍	4	3	防招	刺0/1/2	鬼婆婆劍	無	外功+4/6/8。這個招式交戰勝利時。對方-1氣。否則自己扣1氣。		
97	麻腦串	1	防具-飾	0	4	氣場	2	醒神	無	自軍回合開始時，氣+1。這個效果不能重復。		
98	麻腦串	1	防具-飾	0	4	氣場	2	聞香	無	自配置步可以1氣。機率6回復3。這個效果一回合一次。		
99	粗布麻衣	1	防具-衣	2	0	氣場	2	還神	無	自回合開始時回復1。		
100	粗布麻衣	1	防具-衣	2	0	氣功	3	調息	無	配置步使用，回復6。		
101	猛士披挂	1	防具-衣	2	0	氣場	1	蓄力	無	這張卡在招式宣告步可以當成【腿 2 2】來支付招式。		
102	猛士披挂	1	防具-衣	2	0	氣功	4	猛烈撞擊	無	敵人抽牌階段可以使用。敵人-4體力。		
103	鬼劍	3	斬擊-刀	6	4	遠招	斬0/1/2	三日月斬	暗-暗闇6	內攻+2/4/6.		
104	鬼劍	3	斬擊-刀	6	4	氣場	2	血之宿命	暗-暗闇6	移除這張卡。回復X血。X為這回合造成的傷害。X最多為6.		
105	鬼劍	3	斬擊-刀	6	4	氣場	2	闇擊氣場	無	自軍反應步時可以宣告。支付1血。機率5傷害+3.		
106	鬼劍	3	斬擊-刀	6	4	氣功	2	衝刺覇體	無	執行衝刺+霸體。		
107	鬼劍	3	斬擊-刀	6	4	近招	斬2	靈魂鬼斬	暗-暗闇6	內攻+6. 宣告時對象有暗闇時, 這招的氣費用變成1. 對象因為這招的效果產生暗闇狀態的話, 使用這招的人回1氣.		
108	鬼劍	3	斬擊-刀	6	4	近招	斬0/1/2	鬼斬	暗-暗闇6	內攻+2/4/6.		
109	鬼劍	3	斬擊-刀	6	4	防招	斬0/1/2	擋劈	斬-出血7	外功+4/6/8. 宣告時氣+1.		
110	鬼疱丁	2	斬擊-單	4	3	近招	單0/1/2	重斬刀法	斬-出血7	外功+0/2/4。額外外功+1。		
111	鬼疱丁	2	斬擊-單	4	3	近招	單0/1/2	符刀	斬-出血7	內攻+2/4/6。打人判定成功時，對方盡可能-1氣。自己+1氣(不可爆氣)。		
112	鬼疱丁	2	斬擊-單	4	3	反應	2	驚鬼符	無	這次的傷害-3。機率5指定對方一個武器脫手。如果指定武器為重量3以上。前項機率變為3。		
113	紋章盾	1	防具-盾	2	0	氣功	0	盾牌訓練	無	盾牌在時, 重置1個重量2以下的武器.		
114	紋章盾	1	防具-盾	2	0	氣場	2	無形的信任	無	抽牌階段抽牌時, 若血量<10. 回復到10.		
115	紋章盾	1	防具-盾	2	0	氣場	2	基本戰法	無	盾牌在時, 武器對抗值+1.		
116	紋章盾	1	防具-盾	2	0	反應	2	反彈盾	無	外功傷害-4. 重置1個重量2以下的武器.		
117	紋章盾	1	防具-盾	5	2	近招	打0/1/2	盾牌衝撞	打-昏眩5	打人判定時才能使用. 外功+0. 狀態機率判定+2.		
118	紋章盾	1	防具-盾	5	2	防招	打0/1/2	快速揮擊	無	最少2條路線出擊時才可以使用. 外功+4/6/8. 判定成功時, 自己回合的下一個判定對抗值+4.		
119	紋章盾	1	防具-盾	5	2	近招	打0	盾牌連擊	打-昏眩5	外功+1.		
120	紋章盾	1	防具-盾	5	2	近招	打0	隱盾術	打-昏眩5	外功+0. 交戰判定時對抗值+4. 打人判定時狀態機率判定+1.		
121	紋章盾	1	防具-盾	5	2	防招	打0/1/2	盾格擋	無	外功+4/6/8. 外功額外+2.		
122	紋章盾	1	防具-盾	2	0	反應	2	祝福護甲	無	獲得一個[祝福護甲-下一次的自己的反應宣告時一定要宣告, 若為外功傷害時抵消外功傷害並抵消狀態]的狀態. 這個狀態不能重復.		
123	神羅裝束	1	防具-衣	2	0	氣場	4	元士兵	無	自己回合開始時氣+3。		
124	神羅裝束	1	防具-衣	2	0	氣場	_1/2/3/4	架勢	無	敵軍配置時可以支付這張卡上的1氣，重置自己重量2以下的武器。或是支付2氣, 重置自己重量3以上的武器.		
125	破壞大劍	4	斬擊-大	9	4	遠招	斬2	畫龍點睛	風-撕裂7	內功+6。造成傷害時，對象所有裝備幾率5脫手。所有防具機率5破壞		
126	破壞大劍	4	斬擊-大	9	4	遠招	斬1	流星雨	火-燒傷7	內功+4.這個招式不能被回避之類的效果指定。		
127	破壞大劍	4	斬擊-大	9	4	近招	斬2	超究武神霸斬	斬-出血7	外功+4.判定成功時。對敵方每一個氣場機率5破壞。被破壞的氣場上的氣直接廢棄。		
128	破壞大劍	4	斬擊-大	9	4	近招	斬0/1/2	兇斬	雷-麻痺5	外功+0/2/4		
129	破壞大劍	4	斬擊-大	9	4	近招	斬0/1/2	狂斬	斬-出血7	外功+0/2/4。		
130	破壞大劍	4	斬擊-大	9	4	近招	斬0/1/2	刀斬	刺-點打3	外功+0/2/4。對象沒有防具的時候，造成的傷害值+2.		
131	破壞大劍	4	斬擊-大	9	4	防招	大0/1/2	巨劍防禦	無	外功+4/6/8.這次交戰回合結束前，自己相當於多裝備了一個2/2的防具。 		
132	破血針匣	1	防具-飾	0	4	遠招	格0/1/2	破血針	斬-出血7	外功+0/2/4		
133	拳套	1	格鬥-拳	2	2	遠招	拳拳2	地裂斬	地-石化5	內功+6. 對方不能對這招響應反應.		
134	拳套	1	格鬥-拳	2	2	遠招	拳格0/1/2	波動擊	無	內功+2/4/6		
135	拳套	1	格鬥-拳	2	2	氣場	4	格鬥	無	格鬥武器出擊時可以任意合體。		
136	拳套	1	格鬥-拳	2	2	氣場	2	HP回復移動	無	抽牌時, 如果是氣場或氣功時, 你可以展示它並回復2血. 		
137	拳套	1	格鬥-拳	2	2	氣功	2	氣孔術	無	移除自己身上的一個狀態指示物。效果生效時，可以抽二張卡。		
138	拳套	1	格鬥-拳	2	2	氣功	4	氣愈	無	回3血, 回6氣, 移除一個狀態。		
139	拳套	1	格鬥-拳	2	2	氣功	2	蘇生	無	移除所有狀態.		
140	拳套	1	格鬥-拳	2	2	近招	拳格1/2	連續拳	打-昏眩5	外功+0/2. 機率6前項變成外功+4/6.		
141	拳套	1	格鬥-拳	2	2	近招	拳2	秘孔拳	雷-麻痺5	外功+0/2/4. 打人判定時才能使用. 狀態機率判定時機率+3.		
142	拳套	1	格鬥-拳	2	2	防招	拳格0/1/2	回轉拳	無	外功+4/6/8.		
143	拳套	1	格鬥-拳	2	2	反應	1	頻死HP回復	無	頻死時才能使用. 機率x回10血. x為現在的自己非氣場的直立氣數量. 		
144	原住民頭巾	1	防具-頭	1	2	氣功	1	時空陷阱	無	宣告時指定1個招式類型. 那個時間點結束時若對方沒有從手牌展示指定類型的卡則解決下述效果. 横置2個行動力. 這個能力1回合只能用1次.		
145	原住民頭巾	1	防具-頭	1	2	氣功	1	水塊	水-冰凍5	宣告時指定1個招式類型. 那個時間點結束時若對方沒有從手牌展示指定類型的卡則解決下述效果. 執行這張卡的狀態判定, 機率+1. 這個能力1回合只能用1次.		
146	原住民頭巾	1	防具-頭	1	2	氣功	1	蔦地獄	毒-中毒8	宣告時指定1個招式類型. 那個時間點結束時若對方沒有從手牌展示指定類型的卡則解決下述效果. 執行這張卡的狀態判定, 機率+1. 這個能力1回合只能用1次.		
147	原住民頭巾	1	防具-頭	1	2	氣功	1	雕塑	地-石化5	宣告時指定1個招式類型. 那個時間點結束時若對方沒有從手牌展示指定類型的卡則解決下述效果. 執行這張卡的狀態判定, 機率+1. 這個能力1回合只能用1次.		
148	原住民頭巾	1	防具-頭	1	2	氣功	1	局部地震	打-昏眩5	宣告時指定1個招式類型. 那個時間點結束時若對方沒有從手牌展示指定類型的卡則解決下述效果. 執行這張卡的狀態判定, 機率+1. 這個能力1回合只能用1次.		
149	原住民頭巾	1	防具-頭	1	2	氣功	1	旋風刃	風-撕裂7	宣告時指定1個招式類型. 那個時間點結束時若對方沒有從手牌展示指定類型的卡則解決下述效果. 執行這張卡的狀態判定, 機率+1. 這個能力1回合只能用1次.		
150	原住民頭巾	1	防具-頭	1	2	氣功	1	鬼火	火-燒傷7	宣告時指定1個招式類型. 那個時間點結束時若對方沒有從手牌展示指定類型的卡則解決下述效果. 執行這張卡的狀態判定, 機率+1. 這個能力1回合只能用1次.		
151	原住民頭巾	1	防具-頭	1	2	氣功	1	無底沼澤	無	宣告時指定1個招式類型. 那個時間點結束時若對方沒有從手牌展示指定類型的卡則解決下述效果. 執行這張卡的狀態判定, 機率+1. 這個能力1回合只能用1次.		
152	原住民頭巾	1	防具-頭	1	2	氣功	1	砂風	暗-暗闇6	宣告時指定1個招式類型. 那個時間點結束時若對方沒有從手牌展示指定類型的卡則解決下述效果. 執行這張卡的狀態判定, 機率+1. 這個能力1回合只能用1次.		
153	原住民頭巾	1	防具-頭	1	2	氣功	1	吹雪	光-封印5	宣告時指定1個招式類型. 那個時間點結束時若對方沒有從手牌展示指定類型的卡則解決下述效果. 執行這張卡的狀態判定, 機率+1. 這個能力1回合只能用1次.		
154	原住民頭巾	1	防具-頭	1	2	氣功	1	突風	無	宣告時指定1個招式類型. 那個時間點結束時若對方沒有從手牌展示指定類型的卡則解決下述效果. 指定一個行動力放一個[遲緩]指示物. 有[遲緩]指示物的行動力不能用也不能重置. 這個能力1回合只能用1次.		
155	原住民頭巾	1	防具-頭	1	2	氣功	1	溶岩球	無	宣告時指定1個招式類型. 那個時間點結束時若對方沒有從手牌展示指定類型的卡則解決下述效果. 横置1個氣場的2個氣. 這個能力1回合只能用1次.		
156	原住民披肩	1	防具-衣	2	0	氣場	2	移動距離無視地形	無	抽牌時, 如果是氣場或氣功時, 你可以展示它, 這回合你額外多2個行動力可以使用.		
157	原住民披肩	1	防具-衣	2	0	氣場	2	溶岩上移動	無	抽牌時, 如果是氣場或氣功時, 你可以展示它, 這回合你使用了衝刺.		
158	原住民披肩	1	防具-衣	2	0	氣功	3	攻擊力UP	無	放1個[攻擊力UP][外功+1]的指示物到1個指定的武器.		
159	原住民披肩	1	防具-衣	2	0	反應	2	風水返	無	內功傷害-5.展示一張手牌中名稱為原住民頭巾的卡，那張卡回到本國洗牌, 並直接解決那張卡的內文。解決完後抽1張.		
160	飛沙走石	1	防具-飾	0	4	遠招	格0/1/2	飛沙走石	打-昏眩5	外功+0/2/4		
161	苦無	1	刺擊-匕	3	1	遠招	刺0/1/2	投擲	刺-點打3	外功+0/2/4		
162	苦無	1	刺擊-匕	3	1	氣功	1	沉默符	光-封印5	敵人被遠招外功打人生效的那個回合的回合結束前可以使用。敵人受到3點絕對傷害。執行狀態判定.		
163	苦無	1	刺擊-匕	3	1	氣功	1	起爆符	火-燒傷7	敵人被遠招外功打人生效的那個回合的回合結束前可以使用。敵人受到3點絕對傷害。執行狀態判定.		
164	苦無	1	刺擊-匕	3	1	氣功	1	冰凍符	水-冰凍5	敵人被遠招外功打人生效的那個回合的回合結束前可以使用。敵人受到3點絕對傷害。執行狀態判定.		
165	苦無	1	刺擊-匕	3	1	氣功	1	石化符	地-石化5	敵人被遠招外功打人生效的那個回合的回合結束前可以使用。敵人受到3點絕對傷害。執行狀態判定.		
166	苦無	1	刺擊-匕	3	1	氣功	1	破片符	斬-出血7	敵人被遠招外功打人生效的那個回合的回合結束前可以使用。敵人受到3點絕對傷害。執行狀態判定.		
167	苗刀	3	斬擊-刀	7	3	近招	斬格0/1/2	戰嵐刀勢	斬-出血7	外功+0/2/4。交戰勝利時。對方-1行動力。		
168	苗刀	3	斬擊-刀	7	3	近招	斬拳0/1/2	掌破刀勢	斬-出血7	外功+0/2/4。這次出擊的拳套+1外功直到回合結束。		
169	苗刀	3	斬擊-刀	7	3	防招	斬格0/1/2	虎伏絕刀勢	斬-出血7	外功+4/6/8。交戰勝利時。自己回復1行動力。		
170	背包	2	打擊-包	4	3	氣場	2	發現道具移動	無	抽牌時, 如果是氣場或氣功時, 你可以展示它, 你可以展示它並抽1張. 		
171	背包	2	打擊-包	4	3	氣場	1	道具維護	無	這氣場在場時，對方在選擇破壞防具與偷防具的對象時，一定要選這張。若那個效果生效時，取代生效的結果，改為廢棄這張卡。這個氣場可以重復。		
172	背包	2	打擊-包	4	3	氣功	2	道具投擲	無	展示一張手牌中名稱為道具的卡，那張卡回到本國洗牌, 並直接解決那張卡的內文。解決完後抽1張.		
173	背包	2	打擊-包	4	3	氣功	1	裝備變更	無	無條件將自己手上合計重量為x的武器直立放到配置區，那個時候, 收回自己場上所有武器。x為自己場上所有武器的重量合計加1或減1.解決完後抽1張.		
174	背包	2	打擊-包	4	3	反應	2	自動回復藥	無	外功傷害-4.展示一張手牌中名稱為道具的卡，那張卡回到本國洗牌, 並直接解決那張卡的內文。解決完後抽1張.		
175	柔術道服	1	防具-衣	2	0	氣功	3	纏鬥心法	無	抽3張. 		
176	柔術道服	1	防具-衣	2	0	氣功	2	消力	無	這回合外功小於6的武器不能對我出擊. 解決完後抽1張.		
177	柔術道服	1	防具-衣	2	0	氣功	2	進攻心法	無	本國看4張, 抽出1張近招或遠招展示後回手. 其餘回本國洗牌. 解決完後抽1張.		
178	柔術道服	1	防具-衣	2	0	氣功	2	回避心法	無	本國看4張, 抽出1張防招或氣場或氣功或反應展示後回手. 其餘回本國洗牌. 解決完後抽1張.		
179	柔術手套	1	格鬥-拳	2	2	近招	拳格0/1/2	單手過肩摔	打-昏眩5	打人時才能使用. 外功+2/4/6.		
180	柔術手套	1	格鬥-拳	2	2	近招	拳拳格格0/1/2	連華	打-昏眩5	打人時才能使用. 外功+0/2/4. 這招造成的昏眩機率+2.		
181	柔術手套	1	格鬥-拳	2	2	近招	拳拳格0/1/2	龍卷過肩摔	打-昏眩5	打人時才能使用. 外功+0/2/4. 對方隨機丟一張卡.		
182	柔術手套	1	格鬥-拳	2	2	近招	拳格0/1/2	炸彈摔	打-昏眩5	打人時才能使用. 外功+0/2/4. 對方隨機丟一張卡.		
183	柔術手套	1	格鬥-拳	2	2	近招	拳0/1/2	空氣摔	打-昏眩5	打人時才能使用. 外功+2/4/6.		
184	柔術手套	1	格鬥-拳	2	2	防招	拳拳腿腿0/1/2	無拍子	打-昏眩5	外功+4/6/8. 行動力5以上時, 宣告這招時不必支付氣.		
185	柔術手套	1	格鬥-拳	2	2	防招	拳格格0/1/2	快速切入	打-昏眩5	外功+4/6/8. 行動力5以上時, 宣告這招時不必支付氣.		
186	青竹刺	1	刺擊-匕	2	2	近招	刺0/1/2	刺擊	刺-點打3	外功+0/2/4。		
187	長劍	2	刺擊-劍	5	2	氣功	2	武器破壞	無	這回合如果有外功打人判定生效可以使用. 選對方一個重量3或4的武器脫手或是選對方一個1或2的武器破壞. 這張卡可以從手牌廢棄並抽1張.		
188	長劍	2	刺擊-劍	5	2	氣功	2	盾破壞	無	這回合如果有外功打人判定生效可以使用. 指定對方一個盾破壞 這張卡可以從手牌廢棄並抽1張.		
189	長劍	2	刺擊-劍	5	2	氣功	2	魔法破壞	無	這回合如果有外功打人判定生效可以使用. 對方獲得一個[魔法破壞][4次回合結束時廢棄, 每次判定時內功-6]狀態指示物, 這張卡可以從手牌廢棄並抽1張.		
190	長劍	2	刺擊-劍	5	2	氣功	2	速度破壞	無	這回合如果有外功打人判定生效可以使用. 横置對方最多3個行動力. 這張卡可以從手牌廢棄並抽1張.		
191	長劍	2	刺擊-劍	5	2	氣功	2	力量破壞	無	這回合如果有外功打人判定生效可以使用. 對方獲得一個[力量破壞][4次回合結束時廢棄, 每次判定時外功-2]狀態指示物, 這張卡可以從手牌廢棄並抽1張.		
192	長劍	2	刺擊-劍	5	2	氣功	1	頭盔破壞	無	這回合如果有外功打人判定生效可以使用. 選對方一個頭防具破壞. 這張卡可以從手牌廢棄並抽1張.		
193	長劍	2	刺擊-劍	5	2	氣功	1	鎧甲破壞	無	這回合如果有外功打人判定生效可以使用. 選對方一個衣或褲防具破壞. 這張卡可以從手牌廢棄並抽1張.		
194	長劍	2	刺擊-劍	5	2	氣功	1	飾品破壞	無	這回合如果有外功打人判定生效可以使用. 選對方一個飾防具破壞. 這張卡可以從手牌廢棄並抽1張.		
195	長劍	2	刺擊-劍	5	2	氣功	1	心智破壞	無	這回合如果有外功打人判定生效可以使用. 對方隨機丟1張卡. 這張卡可以從手牌廢棄並抽1張.		
196	長劍	2	刺擊-劍	5	2	反應	2	裝備武器格擋	無	取消x點傷害，x為當前自己的裝備中的非脫手武器的外功或內攻（如外功傷害為外功，內攻傷害為內攻）值合計。 		
197	法杖	2	打擊-短	3	4	遠招	全1	吸血術	暗-暗闇6	內功+4. 判定成功時, 自己回x血. x為造成的傷害. x最多為6.		
198	法杖	2	打擊-短	3	4	遠招	全0/1/2	火球術	火-燒傷7	內功+2/4/6		
199	法杖	2	打擊-短	3	4	遠招	全0/1/2	雷電術	雷-麻痺5	內功+2/4/6		
200	法杖	2	打擊-短	3	4	遠招	全0/1/2	颶風術	風-撕裂7	內功+2/4/6		
201	法杖	2	打擊-短	3	4	遠招	全0/1/2	地震術	地-石化5	內功+2/4/6		
202	法杖	2	打擊-短	3	4	遠招	全0/1/2	猛毒術	毒-中毒8	內功+2/4/6		
203	法杖	2	打擊-短	3	4	遠招	全0/1/2	聖光束	光-封印5	內功+2/4/6		
204	法杖	2	打擊-短	3	4	遠招	全0/1/2	冰凍術	水-冰凍5	內功+2/4/6		
205	法杖	2	打擊-短	3	4	氣功	全0	治療術	無	指定玩家回復憑依武器內功+2的血量		
206	武器大師裝束	1	防具-衣	2	0	氣場	2	技巧防守	無	對方外功攻擊的反應宣告時可以當成反應使用. 進攻方的傷害小於5的時候, 進攻方傷害變成0. 支付這張卡的1氣. 		
207	武器大師裝束	1	防具-衣	2	0	氣功	2	武器活用	無	重置1個武器. 回復x氣. x為武器重量. 但那個武器這回合不能普攻出擊. 		
208	武器大師裝束	1	防具-衣	2	0	防招	全全0/1/2	雙手格擋	無	外功+4/6/8		
209	武器大師裝束	1	防具-衣	2	0	防招	全0/1/2	武器格擋	無	外功+4/6/8		
210	防火手套	1	防具-飾	0	4	氣場	2	火適應	無	宣告火的招式時, 那個招式可以升1級. (不超過3級)		
211	忍者指套	1	格鬥-拳	2	2	遠招	拳拳2	麒麟	雷-麻痺5	內功+6。被擊中的玩家在這次的反應步出的牌機率6不生效。直接廢棄。		
212	忍者指套	1	格鬥-拳	2	2	遠招	拳格0/1/2	豪火球術	火-燒傷7	內功+2/4/6。		
213	忍者指套	1	格鬥-拳	2	2	遠招	拳格0/1/2	水龍彈術	水-冰凍5	內功+2/4/6。		
214	忍者指套	1	格鬥-拳	2	2	遠招	拳格0/1/2	鐮鼬之術	風-撕裂7	內功+2/4/6。		
215	忍者指套	1	格鬥-拳	2	2	反應	3	沙之替身	無	被遠招擊中時的反應步可以使用。取消10點傷害。行動力+1.		
216	忍具	1	防具-飾	0	4	遠招	格0/1/2	吹箭	雷-麻痺5	外功+0/2/4.		
217	忍具	1	防具-飾	0	4	氣場	2	投擲大師	無	外功遠招判定時外功+1.		
218	忍具	1	防具-飾	0	4	防招	2	替身術	無	對方外功攻擊時可以使用, 廢棄1個防具. 閃避機率10.		
219	忍刀	2	斬擊-單	5	2	氣場	3	二刀流	無	在交戰判定時，2條攻擊路線都只有1個自己武器的時候，那2條線的所有自己武器外功+1. 出擊時若達成2路線各1個武器的情況下，氣+1.		
220	忍刀	2	斬擊-單	5	2	遠招	二0/1/2	投擲	斬-出血7	外功+0/2/4		
221	忍刀	2	斬擊-單	5	2	氣場	4	看穿	無	自己回合結束時支付1氣。閃避變成機率+1.		
222	忍刀	2	斬擊-單	5	2	氣場	2	水上移動	無	抽牌時, 如果是氣場或氣功時, 你可以展示它, 這回合你使用了衝刺.		
223	忍刀	2	斬擊-單	5	2	近招	斬2	鬼魅術	無	外功+0. 攻擊時, 可以將憑依武器移到另一個有武器的路線。若原路線上不存在自己武器時，那條路線的敵方武器在交戰判定時失效。		
224	忍刀	2	斬擊-單	5	2	近招	斬0	背刺	刺-點打3	外功+0. 打人判定成功時，機率5那個傷害+4.		
225	忍刀	2	斬擊-單	5	2	近招	斬0	偷襲	斬-出血7	外功+0. 打人判定成功時，那個傷害+2.		
226	忍刀	2	斬擊-單	5	2	反應	2	濳伏	無	這回合剩下的所有敵人的打人判定都失效. 自己得到[潛伏][2回合結束時移除. 自己不能成為出擊的對象. 出擊時移除]狀態指示物.		
227	羽毛帽	1	防具-頭	1	2	氣場	4	精神統一	無	對方無法使用閃避.		
228	羽毛帽	1	防具-頭	1	2	防招	2	矢回避	無	對方遠招打人判定無條件失效.		
229	羽毛帽	1	防具-頭	1	2	反應	1	警戒	無	只能在敵軍回合用. 這回合剩下的所有敵人的打人判定都機率6失效.		
230	羽毛帽	1	防具-頭	1	2	反應	2	速度儲蓄	無	對方為外功時可以使用. 回復最多3行動力.		
231	巨鎚	4	打擊-鎚	9	4	氣功	2	蓄力滑行	無	有合計重量4的直立武器在場時可以使用, 回復到4個直立行動力. 這個效果一回合只能用一次.		
232	巨鎚	4	打擊-鎚	9	4	氣場	1	天地大衝撞	無	使用招式時當成有2個直立行動力.		
233	巨鎚	4	打擊-鎚	9	4	近招	打2	踏步大地擊	打-昏眩5	有2個以上的直立行動力時才能使用. 外功+6. 打人判定成功時, 對方所有重量2以下機率5武器脫手.		
234	巨鎚	4	打擊-鎚	9	4	近招	打0/1/2	大地擊	打-昏眩5	有2個以上的直立行動力時才能使用. 外功+2/4/6		
235	巨鎚	4	打擊-鎚	9	4	防招	打0/1/2	回轉攻擊	無	有2個以上的直立行動力時才能使用. 外功+8/10/12		
236	功夫褲	1	防具-褲	1	2	氣場	2	優化身法	無	配置步時可以1氣，觸發兩次以下效果：重置一個格鬥武器，或者一個格鬥武器外功+1直到回合結束。		
237	功夫褲	1	防具-褲	1	2	氣功	2	聚力衝刺	無	自己配置步使用。得到衝刺+聚力效果。		
238	功夫褲	1	防具-褲	1	2	防招	0	閃避	無	支付2體使用。機率7對方攻擊失效。		
239	功夫褲	1	防具-褲	1	2	防招	0	三才步	無	支付2體使用。機率5對方攻擊失效。如果這個效果成功，對方的下一個判定機率5失效。直到回合結束。		
240	功夫鞋	1	格鬥-腿	3	1	氣場	3	步法	無	自己配置步時可以支付1氣, 這回合出擊的武器總重量-2, 抽1張. 這個能一回合只能用1次.		
241	功夫鞋	1	格鬥-腿	3	1	近招	腿腿0/1/2	二起腳	打-昏眩5	外功+0/2/4.交戰成功時，對手-1氣。		
242	功夫鞋	1	格鬥-腿	3	1	近招	腿0/1/2	斧刃腳	斬-出血7	外功+0/2/4		
243	功夫鞋	1	格鬥-腿	3	1	近招	腿格全0/1/2	箭疾步	刺-點打3	外功+0/2/4		
244	功夫鞋	1	格鬥-腿	3	1	近招	腿格格0/1/3	虎撲摔	打-昏眩5	這招只能連招使用. 外功+0/2/4. 對方隨機丟一張卡.		
245	拳套	1	格鬥-拳	2	2	近招	拳格0/1/2	單撐掌	刺-點打3	外功+0/2/4		
246	功夫鞋	1	格鬥-腿	3	1	防招	腿格0/1/2	後掃腿	無	外功+4/6/8		
247	功夫鞋	1	格鬥-腿	3	1	防招	腿0/1/2	前掃腿	無	外功+4/6/8		
248	木針匣	1	防具-飾	0	4	遠招	格0/1/2	木針	刺-點打3	外功+0/2/4		
249	元素服	1	防具-衣	2	0	氣場	2	自然護盾	無	攻擊自己的火水風的機率判定失效.		
250	元素服	1	防具-衣	2	0	反應	1	狀態中和	無	自己有狀態時並得到狀態時才能使用。抽3張。將得到的狀態與自己本來的1個狀態廢棄.		
251	元素服	1	防具-衣	2	0	反應	2	火吸收	無	內功傷害-5.將對方一個燒傷狀態移除, 那個時候回復3氣並抽1張.		
252	元素服	1	防具-衣	2	0	反應	2	水吸收	無	內功傷害-5.將對方一個冰凍狀態移除, 那個時候回復3氣並抽1張.		
253	元素服	1	防具-衣	2	0	反應	2	風吸收	無	內功傷害-5.將對方一個撕裂狀態移除, 那個時候回復3氣並抽1張.		
254	工具箱	1	防具-飾	0	4	氣功	2	地震	無	這回合所有氣場的內文沒有作用.並且非維持類的氣場氣-1。		
255	工具箱	1	防具-飾	0	4	氣功	2	專注訓練	無	重置1個武器.		
256	工具箱	1	防具-飾	0	4	氣功	2	整體力訓練	無	重置合計重量3的武器.		
257	工具箱	1	防具-飾	0	4	氣功	2	搞笑訓練	無	指定2個氣場支付3氣.		
258	工具箱	1	防具-飾	0	4	氣功	_1/2	工兵訓練	無	支付1時, 修理1個重量2以下的武器. 支付2氣時修理1個武器.		
259	大劍	4	斬擊-大	8	5	反應	3	巨劍格擋	無	只有被近招外功傷害時宣告. 外功傷害減8. 選擇對方一個機率5武器脫手. 若選到的武器重量2以下時, 機率變成10. 		
260	大手裡劍	2	斬擊-單	5	2	遠招	二0/1/2	風投擲	風-撕裂7	外功+0/2/4		
261	大手裡劍	2	斬擊-單	5	2	遠招	二0/1/2	火投擲	火-燒傷7	外功+0/2/4		
262	大手裡劍	2	斬擊-單	5	2	遠招	二0/1/2	毒投擲	毒-中毒8	外功+0/2/4		
263	大手裡劍	2	斬擊-單	5	2	遠招	二0/1/2	水投擲	水-冰凍5	外功+0/2/4		
264	三角帽	1	防具-頭	1	2	遠招	全2	重力	無	內功+6. 打人判定成功時, 傷害+x. x為對方的武器防具重量總合.		
265	三角帽	1	防具-頭	1	2	遠招	全2	隕石	火-燒傷7	內功+6. 額外1次的狀態判定.		
266	三角帽	1	防具-頭	1	2	氣場	3	遲緩	無	自回合結束時支付1氣. 出場時, 指定一個行動力放一個[遲緩]指示物. 有[遲緩]指示物的行動力不能用也不能重置.		
267	三角帽	1	防具-頭	1	2	氣場	2	加速	無	這張卡的氣可以當成行動力, 這張卡的氣一回合只能用一個. 這張卡宣告時的支付可以從本國.		
268	三角帽	1	防具-頭	1	2	氣場	2	浮游移動	無	對方的地招式打人判定時失效. 		
269	三角帽	1	防具-頭	1	2	氣功	3	停止	無	這個時機點結束時, 機率x横置對方所有武器和所有行動力. x為12-y. y為對方直立行動力數量+直立武器重量合計. x最少為3.		
270	三角帽	1	防具-頭	1	2	氣功	3	立即行動	無	這個時機點結束時, 機率x重置自己所有武器和所有行動力. x為12-y. y為自己横置行動力數量+横置武器重量合計. x最少為3.		
271	三角帽	1	防具-頭	1	2	氣功	2	瞬間移動	無	選2張放到本國下, 抽4張.		
272	三角帽	1	防具-頭	1	2	氣功	2	不動	無	對方這回合不能普攻出擊. 解決完後抽1張.		
273	三角帽	1	防具-頭	1	2	氣功	2	快速發動	無	這回合的下一個遠招可以憑依橫置武器.下一個遠招可以-2氣使用.解決完後抽1張.		
274	三角帽	1	防具-頭	1	2	反應	2	自動再生	無	這次的傷害-3。獲得一個[自動再生][4個自回合結束時移除. 回合結束時+2血]的狀態.		
275	三角帽	1	防具-頭	1	2	反應	2	瀕死立即行動	無	瀕死時才能使用. 這個時機點結束時, 機率x重置自己所有武器和所有行動力. x為10-y. y為自己横置行動力數量+横置武器重量合計. x最少為3.		
276	三角帽	1	防具-頭	1	2	反應	1	MP替換	無	使自己的氣的數量增加或者減少至敵人的氣的數量爲止。同時，使敵人的氣的數量增加或者減少至自己的氣的數量爲止。		
277	力量戒指	1	防具-飾	0	4	氣場	3	激肉術	無	回合結束時支付1氣。判定時外功+1.		
278	功夫褲	1	防具-褲	1	2	氣功	2	彈腿縮地	無	自配置使用。這個回合得到衝刺。腿武器擇一，外功+2. 		
279	青龍刀	2	斬擊-單	5	2	近招	斬格格2	摩軻伽羅刀	斬-出血7	外功+4。每有一件防具，外攻值+1.額外值最高為2.		
280	鬼疱丁	2	斬擊-單	4	3	近招	斬格格2	鬼八式幡龍刀	斬-出血7	內功+6。每有一件防具，内攻值+2.額外值最高為4.		
281	青龍刀	2	斬擊-單	5	2	近招	單格0/1/2	龍牙四斬	斬-出血7	外功+0/2/4.新增一個【斬：這場游戲中，自己宣告單或斬的近招時，可以廢棄。那個時候。那個招式外功+1】的指示物。		
282	青龍刀	2	斬擊-單	5	2	近招	單格0/1/2	阮師刀法	斬-出血7	外功+0/2/4。判定時，如果對抗到外功遠招的時候，對抗值+2直到自己變招爲止。		
283	鬼疱丁	2	斬擊-單	4	3	近招	斬格0/1/2	魔障刀法	斬-出血7	內功+2/4/6		
284	醫術書	1	防具-飾	0	4	氣功	3	千金異方	無	回復6.		
285	醫術書	1	防具-飾	0	4	氣場	2	金櫃要略	無	自己回合開始時，回復1.		
286	厨藝書	1	防具-飾	0	4	氣場	2	四民食錄	無	自己回合只要有回復過。回合結束時，回復1. 		
287	厨藝書	1	防具-飾	0	4	氣場	3	燒尾食單	無	自配置1氣。回復2.		
288	佛學書	1	防具-飾	0	4	氣功	_1/2	心經	無	回復1/2體力.		
289	佛學書	1	防具-飾	0	4	氣場	3	四十二章經	無	自己回合結束時回復1體力。		
290	塑膠棒	2	打擊-短	4	3	氣功	2	手牌算術抽牌	無	指定單或雙, 手牌數量為指定數的玩家抽2張.		
291	塑膠棒	2	打擊-短	4	3	氣功	2	重量算術重置	無	指定單或雙, 武器重量為指定數的武器重置.		
292	塑膠棒	2	打擊-短	4	3	氣功	2	重量算術横置	無	指定單或雙, 武器重量為指定數的武器横置.		
293	鉄刀	2	斬擊-單	5	2	近招	斬0/1/2	劈砍	斬-出血7	外功+0/2/4。		
294	鉄刀	2	斬擊-單	5	2	防招	斬0/1/2	架刀		外功+4/6/8。		
295	鉄刀	2	斬擊-單	5	2	防招	斬格0/1/2	纏頭裹腦		外功+4/6/8。下一次的連招氣-1.		
296	鉄刀	2	斬擊-單	5	2	近招	斬格0/1/2	强力劈砍	斬-出血7	外功+0/2/4。		
297	天霜皓月	2	斬擊-單	5	2	近招	斬格格2	寒刀七絕	斬-出血7	外功+4。附帶幾率10冰凍。		
298	品鑒書	1	防具-飾	0	4	氣功	2	煮泉小品	無	指定一個自己重量二以下武器。機率7放一個良品指示物。否則放一個劣品指示物。【良品：外功+1】【劣品：外功-1】.這系列指示物只能存在一個在一個武器上。可以覆蓋。		
299	品鑒書	1	防具-飾	0	4	氣功	3	茶酒論	無	指定一個自己重量四以下武器。機率6放一個精品指示物。否則放一個劣品指示物。【精品：外功+2】【劣品：外功-1】.這系列指示物只能存在一個在一個武器上。可以覆蓋。		
300	鍛造書	1	防具-飾	0	4	氣功	1	鼎書	無	移除自己一個武器上的指示物。效果生效時，+2氣。這張卡可以從手裏廢棄。抽一張卡。		
301	詩書	1	防具-飾	0	4	氣功	1	書斷列傳	無	敵軍回合自己體力在4以上可以使用。支付1體力。自己+4氣.		
302	詩書	1	防具-飾	0	4	氣功	2	九勢	無	自己回合使用。機率8+5氣。		
303	音律書	1	防具-飾	0	4	氣功	1	胡茄十八拍	無	所有玩家+3氣。		
304	音律書	1	防具-飾	0	4	氣功	1	廣陵散	無	所有玩家+3血。		
305	塑膠棒	2	打擊-短	4	3	氣功	1	內功合計算術升級	無	指定單或雙, 場上內功合計數為指定數的玩家, 指定一個武器內功+2到回合結束.		
306	塑膠棒	2	打擊-短	4	3	氣功	2	手牌算術丟牌	無	指定單或雙, 手牌數量為指定數的玩家丟2張.		
307	塑膠棒	2	打擊-短	4	3	氣功	1	外功合計算術升級	無	指定單或雙, 場上外功合計數為指定數的玩家, 指定一個武器外功+2到回合結束.		
308	塑膠棒	2	打擊-短	4	3	氣功	1	重量算數不能出擊	無	指定單或雙, 這回合出擊武器的合計重量不能為指定數。		
309	塑膠棒	2	打擊-短	4	3	反應	2	傷害均分	無	機率y傷害-x. x為受到的傷害的1/2. 對方扣x血。y為雙方手牌數量合計。		
310	塑膠棒	2	打擊-短	4	3	氣場	2	獲得JP移動	無	抽牌時, 如果是氣場或氣功時, 你可以展示它, 使用爆氣或快回.		
311	塑膠棒	2	打擊-短	4	3	氣場	2	獲得EXP移動	無	抽牌時, 如果是氣場或氣功時, 你可以展示它, 使用2次一動.		
312	塑膠棒	2	打擊-短	4	3	氣功	1	重量算數出擊	無	指定單或雙, 這回合若能出擊合計重量的指定數的武器時一定要出擊。		
313	武器大師裝束	1	防具-衣	2	0	近招	全0/1/2	用力猛揮	無	外功+0/2/4		
314	武器大師裝束	1	防具-衣	2	0	近招	全全0/1/2	雙手用力猛揮	無	外功+0/2/4		
315	武器大師裝束	1	防具-衣	2	0	近招	全全全0/1/2	技巧攻擊	無	外功+0/2/4		
316	武器大師裝束	1	防具-衣	2	0	近招	全0/1/2	內功猛擊	無	內功+2/4/6		
317	武器大師裝束	1	防具-衣	2	0	近招	全全0/1/2	雙手內攻猛擊	無	內功+2/4/6		
318	武器大師裝束	1	防具-衣	2	0	近招	全全全0/1/2	技巧內攻攻擊	無	內功+2/4/6		
319	武器大師裝束	1	防具-衣	2	0	遠招	全0/1/2	外氣猛擊	無	內功+2/4/6		
320	武器大師裝束	1	防具-衣	2	0	遠招	全全0/1/2	雙手外氣猛擊	無	內功+2/4/6		
321	武器大師裝束	1	防具-衣	2	0	遠招	全全全0/1/2	技巧外氣攻擊	無	內功+2/4/6		
322	武器大師裝束	1	防具-衣	2	0	防招	全全全0/1/2	技巧格擋	無	外功+4/6/8		
323	龍槍	3	刺擊-槍	7	3	近招	刺0	精準刺	刺-點打3	外功+0. 狀態機率+1.		
324	龍槍	3	刺擊-槍	7	3	近招	刺0/1/2	貫通刺	刺-點打3	外功+0/2/4		
325	龍槍	3	刺擊-槍	7	3	遠招	刺0/1/2	貫穿尖	刺-點打3	外功+0/2/4		
326	龍槍	3	刺擊-槍	7	3	氣場	2	開膛槍	無	使用刺擊招式時, 外功+2.		
327	龍槍	3	刺擊-槍	7	3	遠招	刺0/1/2	龍炎沖	火-燒傷7	外功+0/2/4		
328	龍槍	3	刺擊-槍	7	3	遠招	刺0/1/2	龍眼雷電	雷-麻痺5	外功+0/2/4		
329	龍槍	3	刺擊-槍	7	3	遠招	刺0/1/2	破碎沖	風-撕裂7	外功+0/2/4		
330	龍槍	3	刺擊-槍	7	3	遠招	刺0/1/2	墜星沖	打-昏眩5	外功+0/2/4		
331	龍槍	3	刺擊-槍	7	3	氣場	_1/2/3	龍劍	無	打人判定時, 移除這張卡, 那時, 傷害+2/4/6並自己回復1/2/3血. 這個氣場可以重復.		
332	龍槍	3	刺擊-槍	7	3	氣場	2	蒼天龍血	無	有元素狀態的招式在機率判定時機率+1.		
333	龍槍	3	刺擊-槍	7	3	氣場	2	戰鬥連禱	無	非元素狀態的招式在機率判定時機率+1.		
334	龍槍	3	刺擊-槍	7	3	近招	刺0	龍牙龍爪	斬-出血7	外功+0. 打人判定成功時, 可以從本國抽出支付為2以下的氣場並且爆氣裝上.		
335	武器大師綁腿	1	防具-褲	1	2	氣場	3	謹慎動作	無	反應宣告時當成反應宣告. 移除這張. 若減免前傷害大於10時, 抵消所有傷害. 		
336	苗刀	3	斬擊-刀	7	3	近招	斬腳0/1/2	跺擊刀勢	斬-出血7	外功+0/2/4. 這次出擊的腳+1外功直到回合結束。		
337	苗刀	3	斬擊-刀	7	3	近招	斬腳0	疾空刀勢	斬-出血7	對抗值+4. 判定生效時+1氣.		
338	苗刀	3	斬擊-刀	7	3	氣場	4	狂筋脈	無	回合開始時-2血. 新増2個額外行動力到回合結束. 這張卡移除時-4血. 被打人判定成功時, 這張卡移除.		
339	武器大師綁腿	1	防具-褲	1	2	反應	1	危機反應	無	若減免前傷害大於15時, 傷害剩下3. 		
340	拳刃	1	刺擊-匕	3	1	氣功	2	毒氣擴散	無	所有玩家機率10中毒.		
341	拳刃	1	刺擊-匕	3	1	氣場	2	毒適應	無	毒狀態沒有作用. 配置步時可以移除這張, 那時抽1張.		
342	拳刃	1	刺擊-匕	3	1	氣場	1	塗毒	無	自軍打人判定時, 當成有中毒8的攻擊, 若判定後造成狀態時. 這張卡移除. 這個氣場可以多張在場. 但每回合只能解決1次.		
343	拳刃	1	刺擊-匕	3	1	近招	刺刺2	音速投擲	刺-點打3	外功+4. 額外1次狀態判定.		
344	雜學書	1	防具-飾	0	4	氣場	1	爾雅	無	這張卡在場時，對方所有的防招氣+1支付。這個效果可以重複。		
345	雜學書	1	防具-飾	0	4	氣場	2	鬼谷子	無	配置時可以1氣。這個回合的所有自己的交戰判定對抗值+2.		
346	工匠錘	2	打擊-短	5	2	氣功	4	武器强化失敗	無	指定對方一個武器，那個武器獲得「强化失敗:-1/-1，這個武器不能被換裝。這個效果不能重復。」指示物。		
347	工匠錘	2	打擊-短	5	2	氣功	4	武器强化成功	無	指定自己一個武器，那個武器獲得「强化成功:+1/+1，這個武器不能被換裝。這個效果不能重復。」指示物。		
348	腐蟲砂	1	防具-飾	0	4	氣場	3	僵尸化	無	這張卡在場時，對方進行回復的那個時機點結束前，對方扣掉這個時機回復的血量。		
349	工匠錘	2	打擊-短	5	2	近招	打2	暴力捶打	打-昏眩5	外功+4。幾率5給予指定對方一個武器獲得「强化失敗:-1/-1，這個武器不能被換裝。這個效果不能重復。」指示物。		
350	白影劍	4	斬擊-大	9	4	氣場	2	注能之鋒	無	交戰的自己武器第一次判定外功+1。敵方傷害判定時自己相當于多了一個1/1的防具。這個效果可以重複。		
351	雪葬的星銀	4	斬擊-大	9	4	近招	斬0	霜葬	水-冰凍5	外功+0。這張卡的狀態判定次數+1.		
352	天目影打刀	3	斬擊-刀	7	3	氣場	0	岩藏之胤	無	這個氣場在場時，自配置時可以支付1行動力，從捨棄庫或者牌組補充1氣到這張卡上。最多可以有3氣在這張卡上。自己交戰及打人判定成功時，這張卡上的所有氣廢棄。每廢棄1氣。可以回復3氣。這張卡的破氣重量為這張卡上的氣的數量。這張卡沒有氣時，也不會廢棄。		
353	喜多院十文字	3	刺擊-槍	7	3	近招	刺1	名士振舞	刺-點打3	外功+0.交戰或者打人成功時，自己氣+3。		
354	獵弓	3	打擊-弓	6	4	遠招	弓0/1/2	射擊	刺-點打3	外功+1/3/5。		
355	獵弓	3	打擊-弓	6	4	遠招	弓格0/1/2	强力射擊	刺-點打3	外功+1/3/5。		
356	鋼輪弓	3	打擊-弓	7	3	氣場	2	注能之矢	刺-點打3	自己的外功遠招交戰或打人判定成功時，自己的行動力+1.		
357	匣裏龍吟	2	刺擊-劍	4	3	近招	刺1	踏火熄雷	刺-點打3	外功+2.如果對方有火或雷的狀態指示物在場時。外功額外+2.		
358	祭禮劍	2	刺擊-劍	5	2	近招	刺0	氣定神閑	刺-點打3	外功+0.機率4回復自己2行動力。		
359	匣裏滅晨	3	刺擊-槍	6	4	近招	刺1	踏火止水	刺-點打3	外功+2.如果對方有火或水的狀態指示物在場時。外功額外+2.		
360	反曲弓	3	打擊-弓	7	3	遠招	弓0	收割	刺-點打3	外功+1.打人或交戰成功時。自己回復2血。		
361	獵弓	3	打擊-弓	6	4	遠招	弓0/1/2	附魔射擊	刺-點打3	內功+2/4/6		
362	獵弓	3	打擊-弓	6	4	遠招	弓格0/1/2	强力附魔射擊	刺-點打3	內功+2/4/6		
363	二虎拳套	1	格鬥-拳	2	2	防招	拳格0/1/2	操流-柳		外功+6/8/10. 對方為遠招時改為2/4/6.		
364	二虎拳套	1	格鬥-拳	2	2	防招	拳格0/1/2	操流-流刃		外功+0/2/4. 對方為遠招時改為8/10/12.		
365	二虎拳套	1	格鬥-拳	2	2	近招	拳格2	操流-轉地	打-昏眩5	外功+4. 打人時可以使用. 機率判定+2.		
366	二虎拳套	1	格鬥-拳	2	2	反應	2	操流-絡返	無	對方武器依重量機率7/6/5/4脫手. 		
367	二虎拳套	1	格鬥-拳	2	2	氣功	2	火天-火走		這個時間點結束時, 對方扣2行動力. 沒扣到部分, 加到自己的行動力.		
368	二虎拳套	1	格鬥-拳	2	2	氣功	1	火天-烈火		使用衝刺.		
369	二虎拳套	1	格鬥-拳	2	2	氣功	2	火天-幽步		敵方回合時使用, 對方不能出擊.		
370	二虎拳套	1	格鬥-拳	2	2	近招	格2	操流火天-不知火		外功+0/2/4. 對抗值+4.		
371	騎士劍	2	刺擊-劍	4	3	遠招	刺0/1/2	聖光束	光-封印5	內功+2/4/6.		
372	騎士劍	2	刺擊-劍	4	3	反應	1	保護	無	沒有頻死時外功傷害-2並這張卡回手. 頻死時血最少為1.		
373	騎士劍	2	刺擊-劍	4	3	氣功	全0	治療術		指定玩家回復憑依武器內功+2的血量		
374	騎士劍	2	刺擊-劍	4	3	氣場	3	護盾術	無	自己受到傷害時的反應步可以1氣。取消這次的傷害x點。x為自己所有裝備武器中的最高內功值。如果沒有裝備武器則x為2。		
375	騎士劍	2	刺擊-劍	4	3	近招	刺0/1/2	聖十字斬	光-封印5	外功+0/2/4		
376	東方流道服	1	防具-衣	2	0	氣場	2	流派東方不敗	無	自回合可以有1免費體力使用武技精通。這個效果不能重復。		
377	半指手套	1	格鬥-拳	2	2	近招	拳2	閃光手指	火-燒傷7	內功+6。交戰勝利時，交戰中的對方的重量2以下一個武器脫手。		
378	半指手套	1	格鬥-拳	2	2	遠招	拳格0/1/2	霸王電影彈	光-封印5	內功+2/4/6。		
379	靈手套	1	格鬥-拳	2	2	遠招	拳0/1/2	靈丸	光-封印5	內功+2/4/6。		
380	靈手套	1	格鬥-拳	2	2	近招	拳格1	靈光彈	光-封印5	內功+4。		
381	靈手套	1	格鬥-拳	2	2	防招	拳格2	靈光鏡反衝	無	外功+8。交戰成功時。對方-2血。		
382	引出刀	3	斬擊-刀	6	4	氣場	3	雙手持		自己回合時重量3以上的武器外功+2.		
383	引出刀	3	斬擊-刀	6	4	近招	斬0	阿修羅		內功+2. 只能在打人時使用. 機率5這張卡回手.		
384	引出刀	3	斬擊-刀	6	4	近招	斬1	虎鐵		內功+4. 只能在打人時使用. 機率5這張卡回手.		
385	引出刀	3	斬擊-刀	6	4	氣功	2	備前長船		指定玩家-2氣. 機率5這張卡回手.		
386	引出刀	3	斬擊-刀	6	4	氣功	全0	村雨		指定玩家回復憑依武器內功+0的血量. 機率5這張卡回手.		
387	引出刀	3	斬擊-刀	6	4	近招	斬0	天之叢雲	水-冰凍5	內功+2. 只能在打人時使用. 機率5這張卡回手.		
388	引出刀	3	斬擊-刀	6	4	氣場	2	清盛		自回合結束時支付1氣. 這個氣場在交戰流程時有2/4防具的功能.		
389	引出刀	3	斬擊-刀	6	4	近招	斬0	村正	打-昏眩5	內功+2. 只能在打人時使用. 機率5這張卡回手.		
390	引出刀	3	斬擊-刀	6	4	遠招	斬0	菊一文字		內功+2. 只能在打人時使用. 機率5這張卡回手.		
391	引出刀	3	斬擊-刀	6	4	氣功	3	正宗		這張卡的支付可以直接從本國. 獲得一個[正宗][4個自回合結束時移除. 自回合結束時+2血]的狀態.		
392	引出刀	3	斬擊-刀	6	4	近招	斬2	塵地螺細飾劍		內功+6. 只能在打人時使用. 機率5這張卡回手.		
393	引出刀	3	斬擊-刀	6	4	反應	全0	肉斬骨斷	無	頻死時使用. 對方扣x血. x為暫存區的傷害數量. x最高為憑依武器重量*3.		
394	引出刀	3	斬擊-刀	6	4	氣場	3	空手入白刃		對方偷防具或破壞方具成功時, 這張卡移除並那個效果失效. 對方普攻或變招外功或遠招外功時, 針對那個武器使用機率10的閃避, 這張卡移除.		
395	引出刀	3	斬擊-刀	6	4	氣場	1	刀裝備可能		裝備或非同重量換裝雙手刀時可以直立進場.		
396	長劍	2	刺擊-劍	5	2	氣場	1	劍裝備可能		裝備或非同重量換裝單手劍時可以直立進場.		
397												
398												
399												
400												
401												
402												
403												
404												
405												